minecraft_acacia_boat.png,0,0,64,64
minecraft_acacia_button.png,66,0,64,64
minecraft_acacia_chest_boat.png,132,0,64,64
minecraft_acacia_door.png,198,0,64,64
minecraft_acacia_fence.png,264,0,64,64
minecraft_acacia_fence_gate.png,330,0,64,64
minecraft_acacia_hanging_sign.png,396,0,64,64
minecraft_acacia_leaves.png,462,0,64,64
minecraft_acacia_log.png,528,0,64,64
minecraft_acacia_planks.png,594,0,64,64
minecraft_acacia_pressure_plate.png,660,0,64,64
minecraft_acacia_sapling.png,726,0,64,64
minecraft_acacia_sign.png,792,0,64,64
minecraft_acacia_slab.png,858,0,64,64
minecraft_acacia_stairs.png,924,0,64,64
minecraft_acacia_trapdoor.png,990,0,64,64
minecraft_acacia_wood.png,1056,0,64,64
minecraft_activator_rail.png,1122,0,64,64
minecraft_air.png,1188,0,64,64
minecraft_allay_spawn_egg.png,1254,0,64,64
minecraft_allium.png,1320,0,64,64
minecraft_amethyst_block.png,1386,0,64,64
minecraft_amethyst_cluster.png,1452,0,64,64
minecraft_amethyst_shard.png,1518,0,64,64
minecraft_ancient_debris.png,1584,0,64,64
minecraft_andesite.png,1650,0,64,64
minecraft_andesite_slab.png,1716,0,64,64
minecraft_andesite_stairs.png,1782,0,64,64
minecraft_andesite_wall.png,1848,0,64,64
minecraft_angler_pottery_sherd.png,1914,0,64,64
minecraft_anvil.png,1980,0,64,64
minecraft_apple.png,2046,0,64,64
minecraft_archer_pottery_sherd.png,2112,0,64,64
minecraft_armadillo_scute.png,2178,0,64,64
minecraft_armadillo_spawn_egg.png,2244,0,64,64
minecraft_armor_stand.png,2310,0,64,64
minecraft_arms_up_pottery_sherd.png,2376,0,64,64
minecraft_arrow.png,2442,0,64,64
minecraft_axolotl_bucket.png,0,66,64,64
minecraft_axolotl_spawn_egg.png,66,66,64,64
minecraft_azalea.png,132,66,64,64
minecraft_azalea_leaves.png,198,66,64,64
minecraft_azure_bluet.png,264,66,64,64
minecraft_baked_potato.png,330,66,64,64
minecraft_bamboo.png,396,66,64,64
minecraft_bamboo_block.png,462,66,64,64
minecraft_bamboo_button.png,528,66,64,64
minecraft_bamboo_chest_raft.png,594,66,64,64
minecraft_bamboo_door.png,660,66,64,64
minecraft_bamboo_fence.png,726,66,64,64
minecraft_bamboo_fence_gate.png,792,66,64,64
minecraft_bamboo_hanging_sign.png,858,66,64,64
minecraft_bamboo_mosaic.png,924,66,64,64
minecraft_bamboo_mosaic_slab.png,990,66,64,64
minecraft_bamboo_mosaic_stairs.png,1056,66,64,64
minecraft_bamboo_planks.png,1122,66,64,64
minecraft_bamboo_pressure_plate.png,1188,66,64,64
minecraft_bamboo_raft.png,1254,66,64,64
minecraft_bamboo_sign.png,1320,66,64,64
minecraft_bamboo_slab.png,1386,66,64,64
minecraft_bamboo_stairs.png,1452,66,64,64
minecraft_bamboo_trapdoor.png,1518,66,64,64
minecraft_barrel.png,1584,66,64,64
minecraft_barrier.png,1650,66,64,64
minecraft_basalt.png,1716,66,64,64
minecraft_bat_spawn_egg.png,1782,66,64,64
minecraft_beacon.png,1848,66,64,64
minecraft_bedrock.png,1914,66,64,64
minecraft_bee_nest.png,1980,66,64,64
minecraft_bee_spawn_egg.png,2046,66,64,64
minecraft_beef.png,2112,66,64,64
minecraft_beehive.png,2178,66,64,64
minecraft_beetroot.png,2244,66,64,64
minecraft_beetroot_seeds.png,2310,66,64,64
minecraft_beetroot_soup.png,2376,66,64,64
minecraft_bell.png,2442,66,64,64
minecraft_big_dripleaf.png,0,132,64,64
minecraft_birch_boat.png,66,132,64,64
minecraft_birch_button.png,132,132,64,64
minecraft_birch_chest_boat.png,198,132,64,64
minecraft_birch_door.png,264,132,64,64
minecraft_birch_fence.png,330,132,64,64
minecraft_birch_fence_gate.png,396,132,64,64
minecraft_birch_hanging_sign.png,462,132,64,64
minecraft_birch_leaves.png,528,132,64,64
minecraft_birch_log.png,594,132,64,64
minecraft_birch_planks.png,660,132,64,64
minecraft_birch_pressure_plate.png,726,132,64,64
minecraft_birch_sapling.png,792,132,64,64
minecraft_birch_sign.png,858,132,64,64
minecraft_birch_slab.png,924,132,64,64
minecraft_birch_stairs.png,990,132,64,64
minecraft_birch_trapdoor.png,1056,132,64,64
minecraft_birch_wood.png,1122,132,64,64
minecraft_black_banner.png,1188,132,64,64
minecraft_black_bed.png,1254,132,64,64
minecraft_black_bundle.png,1320,132,64,64
minecraft_black_candle.png,1386,132,64,64
minecraft_black_carpet.png,1452,132,64,64
minecraft_black_concrete.png,1518,132,64,64
minecraft_black_concrete_powder.png,1584,132,64,64
minecraft_black_dye.png,1650,132,64,64
minecraft_black_glazed_terracotta.png,1716,132,64,64
minecraft_black_shulker_box.png,1782,132,64,64
minecraft_black_stained_glass.png,1848,132,64,64
minecraft_black_stained_glass_pane.png,1914,132,64,64
minecraft_black_terracotta.png,1980,132,64,64
minecraft_black_wool.png,2046,132,64,64
minecraft_blackstone.png,2112,132,64,64
minecraft_blackstone_slab.png,2178,132,64,64
minecraft_blackstone_stairs.png,2244,132,64,64
minecraft_blackstone_wall.png,2310,132,64,64
minecraft_blade_pottery_sherd.png,2376,132,64,64
minecraft_blast_furnace.png,2442,132,64,64
minecraft_blaze_powder.png,0,198,64,64
minecraft_blaze_rod.png,66,198,64,64
minecraft_blaze_spawn_egg.png,132,198,64,64
minecraft_blue_banner.png,198,198,64,64
minecraft_blue_bed.png,264,198,64,64
minecraft_blue_bundle.png,330,198,64,64
minecraft_blue_candle.png,396,198,64,64
minecraft_blue_carpet.png,462,198,64,64
minecraft_blue_concrete.png,528,198,64,64
minecraft_blue_concrete_powder.png,594,198,64,64
minecraft_blue_dye.png,660,198,64,64
minecraft_blue_egg.png,726,198,64,64
minecraft_blue_glazed_terracotta.png,792,198,64,64
minecraft_blue_ice.png,858,198,64,64
minecraft_blue_orchid.png,924,198,64,64
minecraft_blue_shulker_box.png,990,198,64,64
minecraft_blue_stained_glass.png,1056,198,64,64
minecraft_blue_stained_glass_pane.png,1122,198,64,64
minecraft_blue_terracotta.png,1188,198,64,64
minecraft_blue_wool.png,1254,198,64,64
minecraft_bogged_spawn_egg.png,1320,198,64,64
minecraft_bolt_armor_trim_smithing_template.png,1386,198,64,64
minecraft_bone.png,1452,198,64,64
minecraft_bone_block.png,1518,198,64,64
minecraft_bone_meal.png,1584,198,64,64
minecraft_book.png,1650,198,64,64
minecraft_bookshelf.png,1716,198,64,64
minecraft_bordure_indented_banner_pattern.png,1782,198,64,64
minecraft_bow.png,1848,198,64,64
minecraft_bowl.png,1914,198,64,64
minecraft_brain_coral.png,1980,198,64,64
minecraft_brain_coral_block.png,2046,198,64,64
minecraft_brain_coral_fan.png,2112,198,64,64
minecraft_bread.png,2178,198,64,64
minecraft_breeze_rod.png,2244,198,64,64
minecraft_breeze_spawn_egg.png,2310,198,64,64
minecraft_brewer_pottery_sherd.png,2376,198,64,64
minecraft_brewing_stand.png,2442,198,64,64
minecraft_brick.png,0,264,64,64
minecraft_brick_slab.png,66,264,64,64
minecraft_brick_stairs.png,132,264,64,64
minecraft_brick_wall.png,198,264,64,64
minecraft_bricks.png,264,264,64,64
minecraft_brown_banner.png,330,264,64,64
minecraft_brown_bed.png,396,264,64,64
minecraft_brown_bundle.png,462,264,64,64
minecraft_brown_candle.png,528,264,64,64
minecraft_brown_carpet.png,594,264,64,64
minecraft_brown_concrete.png,660,264,64,64
minecraft_brown_concrete_powder.png,726,264,64,64
minecraft_brown_dye.png,792,264,64,64
minecraft_brown_egg.png,858,264,64,64
minecraft_brown_glazed_terracotta.png,924,264,64,64
minecraft_brown_mushroom.png,990,264,64,64
minecraft_brown_mushroom_block.png,1056,264,64,64
minecraft_brown_shulker_box.png,1122,264,64,64
minecraft_brown_stained_glass.png,1188,264,64,64
minecraft_brown_stained_glass_pane.png,1254,264,64,64
minecraft_brown_terracotta.png,1320,264,64,64
minecraft_brown_wool.png,1386,264,64,64
minecraft_brush.png,1452,264,64,64
minecraft_bubble_coral.png,1518,264,64,64
minecraft_bubble_coral_block.png,1584,264,64,64
minecraft_bubble_coral_fan.png,1650,264,64,64
minecraft_bucket.png,1716,264,64,64
minecraft_budding_amethyst.png,1782,264,64,64
minecraft_bundle.png,1848,264,64,64
minecraft_burn_pottery_sherd.png,1914,264,64,64
minecraft_bush.png,1980,264,64,64
minecraft_cactus.png,2046,264,64,64
minecraft_cactus_flower.png,2112,264,64,64
minecraft_cake.png,2178,264,64,64
minecraft_calcite.png,2244,264,64,64
minecraft_calibrated_sculk_sensor.png,2310,264,64,64
minecraft_camel_spawn_egg.png,2376,264,64,64
minecraft_campfire.png,2442,264,64,64
minecraft_candle.png,0,330,64,64
minecraft_carrot.png,66,330,64,64
minecraft_carrot_on_a_stick.png,132,330,64,64
minecraft_cartography_table.png,198,330,64,64
minecraft_carved_pumpkin.png,264,330,64,64
minecraft_cat_spawn_egg.png,330,330,64,64
minecraft_cauldron.png,396,330,64,64
minecraft_cave_spider_spawn_egg.png,462,330,64,64
minecraft_chain.png,528,330,64,64
minecraft_chain_command_block.png,594,330,64,64
minecraft_chainmail_boots.png,660,330,64,64
minecraft_chainmail_chestplate.png,726,330,64,64
minecraft_chainmail_helmet.png,792,330,64,64
minecraft_chainmail_leggings.png,858,330,64,64
minecraft_charcoal.png,924,330,64,64
minecraft_cherry_boat.png,990,330,64,64
minecraft_cherry_button.png,1056,330,64,64
minecraft_cherry_chest_boat.png,1122,330,64,64
minecraft_cherry_door.png,1188,330,64,64
minecraft_cherry_fence.png,1254,330,64,64
minecraft_cherry_fence_gate.png,1320,330,64,64
minecraft_cherry_hanging_sign.png,1386,330,64,64
minecraft_cherry_leaves.png,1452,330,64,64
minecraft_cherry_log.png,1518,330,64,64
minecraft_cherry_planks.png,1584,330,64,64
minecraft_cherry_pressure_plate.png,1650,330,64,64
minecraft_cherry_sapling.png,1716,330,64,64
minecraft_cherry_sign.png,1782,330,64,64
minecraft_cherry_slab.png,1848,330,64,64
minecraft_cherry_stairs.png,1914,330,64,64
minecraft_cherry_trapdoor.png,1980,330,64,64
minecraft_cherry_wood.png,2046,330,64,64
minecraft_chest.png,2112,330,64,64
minecraft_chest_minecart.png,2178,330,64,64
minecraft_chicken.png,2244,330,64,64
minecraft_chicken_spawn_egg.png,2310,330,64,64
minecraft_chipped_anvil.png,2376,330,64,64
minecraft_chiseled_bookshelf.png,2442,330,64,64
minecraft_chiseled_copper.png,0,396,64,64
minecraft_chiseled_deepslate.png,66,396,64,64
minecraft_chiseled_nether_bricks.png,132,396,64,64
minecraft_chiseled_polished_blackstone.png,198,396,64,64
minecraft_chiseled_quartz_block.png,264,396,64,64
minecraft_chiseled_red_sandstone.png,330,396,64,64
minecraft_chiseled_resin_bricks.png,396,396,64,64
minecraft_chiseled_sandstone.png,462,396,64,64
minecraft_chiseled_stone_bricks.png,528,396,64,64
minecraft_chiseled_tuff.png,594,396,64,64
minecraft_chiseled_tuff_bricks.png,660,396,64,64
minecraft_chorus_flower.png,726,396,64,64
minecraft_chorus_fruit.png,792,396,64,64
minecraft_chorus_plant.png,858,396,64,64
minecraft_clay.png,924,396,64,64
minecraft_clay_ball.png,990,396,64,64
minecraft_clock.png,1056,396,64,64
minecraft_closed_eyeblossom.png,1122,396,64,64
minecraft_coal.png,1188,396,64,64
minecraft_coal_block.png,1254,396,64,64
minecraft_coal_ore.png,1320,396,64,64
minecraft_coarse_dirt.png,1386,396,64,64
minecraft_coast_armor_trim_smithing_template.png,1452,396,64,64
minecraft_cobbled_deepslate.png,1518,396,64,64
minecraft_cobbled_deepslate_slab.png,1584,396,64,64
minecraft_cobbled_deepslate_stairs.png,1650,396,64,64
minecraft_cobbled_deepslate_wall.png,1716,396,64,64
minecraft_cobblestone.png,1782,396,64,64
minecraft_cobblestone_slab.png,1848,396,64,64
minecraft_cobblestone_stairs.png,1914,396,64,64
minecraft_cobblestone_wall.png,1980,396,64,64
minecraft_cobweb.png,2046,396,64,64
minecraft_cocoa_beans.png,2112,396,64,64
minecraft_cod.png,2178,396,64,64
minecraft_cod_bucket.png,2244,396,64,64
minecraft_cod_spawn_egg.png,2310,396,64,64
minecraft_command_block.png,2376,396,64,64
minecraft_command_block_minecart.png,2442,396,64,64
minecraft_comparator.png,0,462,64,64
minecraft_compass.png,66,462,64,64
minecraft_composter.png,132,462,64,64
minecraft_conduit.png,198,462,64,64
minecraft_cooked_beef.png,264,462,64,64
minecraft_cooked_chicken.png,330,462,64,64
minecraft_cooked_cod.png,396,462,64,64
minecraft_cooked_mutton.png,462,462,64,64
minecraft_cooked_porkchop.png,528,462,64,64
minecraft_cooked_rabbit.png,594,462,64,64
minecraft_cooked_salmon.png,660,462,64,64
minecraft_cookie.png,726,462,64,64
minecraft_copper_block.png,792,462,64,64
minecraft_copper_bulb.png,858,462,64,64
minecraft_copper_door.png,924,462,64,64
minecraft_copper_grate.png,990,462,64,64
minecraft_copper_ingot.png,1056,462,64,64
minecraft_copper_ore.png,1122,462,64,64
minecraft_copper_trapdoor.png,1188,462,64,64
minecraft_cornflower.png,1254,462,64,64
minecraft_cow_spawn_egg.png,1320,462,64,64
minecraft_cracked_deepslate_bricks.png,1386,462,64,64
minecraft_cracked_deepslate_tiles.png,1452,462,64,64
minecraft_cracked_nether_bricks.png,1518,462,64,64
minecraft_cracked_polished_blackstone_bricks.png,1584,462,64,64
minecraft_cracked_stone_bricks.png,1650,462,64,64
minecraft_crafter.png,1716,462,64,64
minecraft_crafting_table.png,1782,462,64,64
minecraft_creaking_heart.png,1848,462,64,64
minecraft_creaking_spawn_egg.png,1914,462,64,64
minecraft_creeper_banner_pattern.png,1980,462,64,64
minecraft_creeper_head.png,2046,462,64,64
minecraft_creeper_spawn_egg.png,2112,462,64,64
minecraft_crimson_button.png,2178,462,64,64
minecraft_crimson_door.png,2244,462,64,64
minecraft_crimson_fence.png,2310,462,64,64
minecraft_crimson_fence_gate.png,2376,462,64,64
minecraft_crimson_fungus.png,2442,462,64,64
minecraft_crimson_hanging_sign.png,0,528,64,64
minecraft_crimson_hyphae.png,66,528,64,64
minecraft_crimson_nylium.png,132,528,64,64
minecraft_crimson_planks.png,198,528,64,64
minecraft_crimson_pressure_plate.png,264,528,64,64
minecraft_crimson_roots.png,330,528,64,64
minecraft_crimson_sign.png,396,528,64,64
minecraft_crimson_slab.png,462,528,64,64
minecraft_crimson_stairs.png,528,528,64,64
minecraft_crimson_stem.png,594,528,64,64
minecraft_crimson_trapdoor.png,660,528,64,64
minecraft_crossbow.png,726,528,64,64
minecraft_crying_obsidian.png,792,528,64,64
minecraft_cut_copper.png,858,528,64,64
minecraft_cut_copper_slab.png,924,528,64,64
minecraft_cut_copper_stairs.png,990,528,64,64
minecraft_cut_red_sandstone.png,1056,528,64,64
minecraft_cut_red_sandstone_slab.png,1122,528,64,64
minecraft_cut_sandstone.png,1188,528,64,64
minecraft_cut_sandstone_slab.png,1254,528,64,64
minecraft_cyan_banner.png,1320,528,64,64
minecraft_cyan_bed.png,1386,528,64,64
minecraft_cyan_bundle.png,1452,528,64,64
minecraft_cyan_candle.png,1518,528,64,64
minecraft_cyan_carpet.png,1584,528,64,64
minecraft_cyan_concrete.png,1650,528,64,64
minecraft_cyan_concrete_powder.png,1716,528,64,64
minecraft_cyan_dye.png,1782,528,64,64
minecraft_cyan_glazed_terracotta.png,1848,528,64,64
minecraft_cyan_shulker_box.png,1914,528,64,64
minecraft_cyan_stained_glass.png,1980,528,64,64
minecraft_cyan_stained_glass_pane.png,2046,528,64,64
minecraft_cyan_terracotta.png,2112,528,64,64
minecraft_cyan_wool.png,2178,528,64,64
minecraft_damaged_anvil.png,2244,528,64,64
minecraft_dandelion.png,2310,528,64,64
minecraft_danger_pottery_sherd.png,2376,528,64,64
minecraft_dark_oak_boat.png,2442,528,64,64
minecraft_dark_oak_button.png,0,594,64,64
minecraft_dark_oak_chest_boat.png,66,594,64,64
minecraft_dark_oak_door.png,132,594,64,64
minecraft_dark_oak_fence.png,198,594,64,64
minecraft_dark_oak_fence_gate.png,264,594,64,64
minecraft_dark_oak_hanging_sign.png,330,594,64,64
minecraft_dark_oak_leaves.png,396,594,64,64
minecraft_dark_oak_log.png,462,594,64,64
minecraft_dark_oak_planks.png,528,594,64,64
minecraft_dark_oak_pressure_plate.png,594,594,64,64
minecraft_dark_oak_sapling.png,660,594,64,64
minecraft_dark_oak_sign.png,726,594,64,64
minecraft_dark_oak_slab.png,792,594,64,64
minecraft_dark_oak_stairs.png,858,594,64,64
minecraft_dark_oak_trapdoor.png,924,594,64,64
minecraft_dark_oak_wood.png,990,594,64,64
minecraft_dark_prismarine.png,1056,594,64,64
minecraft_dark_prismarine_slab.png,1122,594,64,64
minecraft_dark_prismarine_stairs.png,1188,594,64,64
minecraft_daylight_detector.png,1254,594,64,64
minecraft_dead_brain_coral.png,1320,594,64,64
minecraft_dead_brain_coral_block.png,1386,594,64,64
minecraft_dead_brain_coral_fan.png,1452,594,64,64
minecraft_dead_bubble_coral.png,1518,594,64,64
minecraft_dead_bubble_coral_block.png,1584,594,64,64
minecraft_dead_bubble_coral_fan.png,1650,594,64,64
minecraft_dead_bush.png,1716,594,64,64
minecraft_dead_fire_coral.png,1782,594,64,64
minecraft_dead_fire_coral_block.png,1848,594,64,64
minecraft_dead_fire_coral_fan.png,1914,594,64,64
minecraft_dead_horn_coral.png,1980,594,64,64
minecraft_dead_horn_coral_block.png,2046,594,64,64
minecraft_dead_horn_coral_fan.png,2112,594,64,64
minecraft_dead_tube_coral.png,2178,594,64,64
minecraft_dead_tube_coral_block.png,2244,594,64,64
minecraft_dead_tube_coral_fan.png,2310,594,64,64
minecraft_debug_stick.png,2376,594,64,64
minecraft_decorated_pot.png,2442,594,64,64
minecraft_deepslate.png,0,660,64,64
minecraft_deepslate_brick_slab.png,66,660,64,64
minecraft_deepslate_brick_stairs.png,132,660,64,64
minecraft_deepslate_brick_wall.png,198,660,64,64
minecraft_deepslate_bricks.png,264,660,64,64
minecraft_deepslate_coal_ore.png,330,660,64,64
minecraft_deepslate_copper_ore.png,396,660,64,64
minecraft_deepslate_diamond_ore.png,462,660,64,64
minecraft_deepslate_emerald_ore.png,528,660,64,64
minecraft_deepslate_gold_ore.png,594,660,64,64
minecraft_deepslate_iron_ore.png,660,660,64,64
minecraft_deepslate_lapis_ore.png,726,660,64,64
minecraft_deepslate_redstone_ore.png,792,660,64,64
minecraft_deepslate_tile_slab.png,858,660,64,64
minecraft_deepslate_tile_stairs.png,924,660,64,64
minecraft_deepslate_tile_wall.png,990,660,64,64
minecraft_deepslate_tiles.png,1056,660,64,64
minecraft_detector_rail.png,1122,660,64,64
minecraft_diamond.png,1188,660,64,64
minecraft_diamond_axe.png,1254,660,64,64
minecraft_diamond_block.png,1320,660,64,64
minecraft_diamond_boots.png,1386,660,64,64
minecraft_diamond_chestplate.png,1452,660,64,64
minecraft_diamond_helmet.png,1518,660,64,64
minecraft_diamond_hoe.png,1584,660,64,64
minecraft_diamond_horse_armor.png,1650,660,64,64
minecraft_diamond_leggings.png,1716,660,64,64
minecraft_diamond_ore.png,1782,660,64,64
minecraft_diamond_pickaxe.png,1848,660,64,64
minecraft_diamond_shovel.png,1914,660,64,64
minecraft_diamond_sword.png,1980,660,64,64
minecraft_diorite.png,2046,660,64,64
minecraft_diorite_slab.png,2112,660,64,64
minecraft_diorite_stairs.png,2178,660,64,64
minecraft_diorite_wall.png,2244,660,64,64
minecraft_dirt.png,2310,660,64,64
minecraft_dirt_path.png,2376,660,64,64
minecraft_disc_fragment_5.png,2442,660,64,64
minecraft_dispenser.png,0,726,64,64
minecraft_dolphin_spawn_egg.png,66,726,64,64
minecraft_donkey_spawn_egg.png,132,726,64,64
minecraft_dragon_breath.png,198,726,64,64
minecraft_dragon_egg.png,264,726,64,64
minecraft_dragon_head.png,330,726,64,64
minecraft_dried_kelp.png,396,726,64,64
minecraft_dried_kelp_block.png,462,726,64,64
minecraft_dripstone_block.png,528,726,64,64
minecraft_dropper.png,594,726,64,64
minecraft_drowned_spawn_egg.png,660,726,64,64
minecraft_dune_armor_trim_smithing_template.png,726,726,64,64
minecraft_echo_shard.png,792,726,64,64
minecraft_egg.png,858,726,64,64
minecraft_elder_guardian_spawn_egg.png,924,726,64,64
minecraft_elytra.png,990,726,64,64
minecraft_emerald.png,1056,726,64,64
minecraft_emerald_block.png,1122,726,64,64
minecraft_emerald_ore.png,1188,726,64,64
minecraft_enchanted_book.png,1254,726,64,64
minecraft_enchanted_golden_apple.png,1320,726,64,64
minecraft_enchanting_table.png,1386,726,64,64
minecraft_end_crystal.png,1452,726,64,64
minecraft_end_portal_frame.png,1518,726,64,64
minecraft_end_rod.png,1584,726,64,64
minecraft_end_stone.png,1650,726,64,64
minecraft_end_stone_brick_slab.png,1716,726,64,64
minecraft_end_stone_brick_stairs.png,1782,726,64,64
minecraft_end_stone_brick_wall.png,1848,726,64,64
minecraft_end_stone_bricks.png,1914,726,64,64
minecraft_ender_chest.png,1980,726,64,64
minecraft_ender_dragon_spawn_egg.png,2046,726,64,64
minecraft_ender_eye.png,2112,726,64,64
minecraft_ender_pearl.png,2178,726,64,64
minecraft_enderman_spawn_egg.png,2244,726,64,64
minecraft_endermite_spawn_egg.png,2310,726,64,64
minecraft_evoker_spawn_egg.png,2376,726,64,64
minecraft_experience_bottle.png,2442,726,64,64
minecraft_explorer_pottery_sherd.png,0,792,64,64
minecraft_exposed_chiseled_copper.png,66,792,64,64
minecraft_exposed_copper.png,132,792,64,64
minecraft_exposed_copper_bulb.png,198,792,64,64
minecraft_exposed_copper_door.png,264,792,64,64
minecraft_exposed_copper_grate.png,330,792,64,64
minecraft_exposed_copper_trapdoor.png,396,792,64,64
minecraft_exposed_cut_copper.png,462,792,64,64
minecraft_exposed_cut_copper_slab.png,528,792,64,64
minecraft_exposed_cut_copper_stairs.png,594,792,64,64
minecraft_eye_armor_trim_smithing_template.png,660,792,64,64
minecraft_farmland.png,726,792,64,64
minecraft_feather.png,792,792,64,64
minecraft_fermented_spider_eye.png,858,792,64,64
minecraft_fern.png,924,792,64,64
minecraft_field_masoned_banner_pattern.png,990,792,64,64
minecraft_filled_map.png,1056,792,64,64
minecraft_fire_charge.png,1122,792,64,64
minecraft_fire_coral.png,1188,792,64,64
minecraft_fire_coral_block.png,1254,792,64,64
minecraft_fire_coral_fan.png,1320,792,64,64
minecraft_firefly_bush.png,1386,792,64,64
minecraft_firework_rocket.png,1452,792,64,64
minecraft_firework_star.png,1518,792,64,64
minecraft_fishing_rod.png,1584,792,64,64
minecraft_fletching_table.png,1650,792,64,64
minecraft_flint.png,1716,792,64,64
minecraft_flint_and_steel.png,1782,792,64,64
minecraft_flow_armor_trim_smithing_template.png,1848,792,64,64
minecraft_flow_banner_pattern.png,1914,792,64,64
minecraft_flow_pottery_sherd.png,1980,792,64,64
minecraft_flower_banner_pattern.png,2046,792,64,64
minecraft_flower_pot.png,2112,792,64,64
minecraft_flowering_azalea.png,2178,792,64,64
minecraft_flowering_azalea_leaves.png,2244,792,64,64
minecraft_fox_spawn_egg.png,2310,792,64,64
minecraft_friend_pottery_sherd.png,2376,792,64,64
minecraft_frog_spawn_egg.png,2442,792,64,64
minecraft_frogspawn.png,0,858,64,64
minecraft_furnace.png,66,858,64,64
minecraft_furnace_minecart.png,132,858,64,64
minecraft_ghast_spawn_egg.png,198,858,64,64
minecraft_ghast_tear.png,264,858,64,64
minecraft_gilded_blackstone.png,330,858,64,64
minecraft_glass.png,396,858,64,64
minecraft_glass_bottle.png,462,858,64,64
minecraft_glass_pane.png,528,858,64,64
minecraft_glistering_melon_slice.png,594,858,64,64
minecraft_globe_banner_pattern.png,660,858,64,64
minecraft_glow_berries.png,726,858,64,64
minecraft_glow_ink_sac.png,792,858,64,64
minecraft_glow_item_frame.png,858,858,64,64
minecraft_glow_lichen.png,924,858,64,64
minecraft_glow_squid_spawn_egg.png,990,858,64,64
minecraft_glowstone.png,1056,858,64,64
minecraft_glowstone_dust.png,1122,858,64,64
minecraft_goat_horn.png,1188,858,64,64
minecraft_goat_spawn_egg.png,1254,858,64,64
minecraft_gold_block.png,1320,858,64,64
minecraft_gold_ingot.png,1386,858,64,64
minecraft_gold_nugget.png,1452,858,64,64
minecraft_gold_ore.png,1518,858,64,64
minecraft_golden_apple.png,1584,858,64,64
minecraft_golden_axe.png,1650,858,64,64
minecraft_golden_boots.png,1716,858,64,64
minecraft_golden_carrot.png,1782,858,64,64
minecraft_golden_chestplate.png,1848,858,64,64
minecraft_golden_helmet.png,1914,858,64,64
minecraft_golden_hoe.png,1980,858,64,64
minecraft_golden_horse_armor.png,2046,858,64,64
minecraft_golden_leggings.png,2112,858,64,64
minecraft_golden_pickaxe.png,2178,858,64,64
minecraft_golden_shovel.png,2244,858,64,64
minecraft_golden_sword.png,2310,858,64,64
minecraft_granite.png,2376,858,64,64
minecraft_granite_slab.png,2442,858,64,64
minecraft_granite_stairs.png,0,924,64,64
minecraft_granite_wall.png,66,924,64,64
minecraft_grass_block.png,132,924,64,64
minecraft_gravel.png,198,924,64,64
minecraft_gray_banner.png,264,924,64,64
minecraft_gray_bed.png,330,924,64,64
minecraft_gray_bundle.png,396,924,64,64
minecraft_gray_candle.png,462,924,64,64
minecraft_gray_carpet.png,528,924,64,64
minecraft_gray_concrete.png,594,924,64,64
minecraft_gray_concrete_powder.png,660,924,64,64
minecraft_gray_dye.png,726,924,64,64
minecraft_gray_glazed_terracotta.png,792,924,64,64
minecraft_gray_shulker_box.png,858,924,64,64
minecraft_gray_stained_glass.png,924,924,64,64
minecraft_gray_stained_glass_pane.png,990,924,64,64
minecraft_gray_terracotta.png,1056,924,64,64
minecraft_gray_wool.png,1122,924,64,64
minecraft_green_banner.png,1188,924,64,64
minecraft_green_bed.png,1254,924,64,64
minecraft_green_bundle.png,1320,924,64,64
minecraft_green_candle.png,1386,924,64,64
minecraft_green_carpet.png,1452,924,64,64
minecraft_green_concrete.png,1518,924,64,64
minecraft_green_concrete_powder.png,1584,924,64,64
minecraft_green_dye.png,1650,924,64,64
minecraft_green_glazed_terracotta.png,1716,924,64,64
minecraft_green_shulker_box.png,1782,924,64,64
minecraft_green_stained_glass.png,1848,924,64,64
minecraft_green_stained_glass_pane.png,1914,924,64,64
minecraft_green_terracotta.png,1980,924,64,64
minecraft_green_wool.png,2046,924,64,64
minecraft_grindstone.png,2112,924,64,64
minecraft_guardian_spawn_egg.png,2178,924,64,64
minecraft_gunpowder.png,2244,924,64,64
minecraft_guster_banner_pattern.png,2310,924,64,64
minecraft_guster_pottery_sherd.png,2376,924,64,64
minecraft_hanging_roots.png,2442,924,64,64
minecraft_hay_block.png,0,990,64,64
minecraft_heart_of_the_sea.png,66,990,64,64
minecraft_heart_pottery_sherd.png,132,990,64,64
minecraft_heartbreak_pottery_sherd.png,198,990,64,64
minecraft_heavy_core.png,264,990,64,64
minecraft_heavy_weighted_pressure_plate.png,330,990,64,64
minecraft_hoglin_spawn_egg.png,396,990,64,64
minecraft_honey_block.png,462,990,64,64
minecraft_honey_bottle.png,528,990,64,64
minecraft_honeycomb.png,594,990,64,64
minecraft_honeycomb_block.png,660,990,64,64
minecraft_hopper.png,726,990,64,64
minecraft_hopper_minecart.png,792,990,64,64
minecraft_horn_coral.png,858,990,64,64
minecraft_horn_coral_block.png,924,990,64,64
minecraft_horn_coral_fan.png,990,990,64,64
minecraft_horse_spawn_egg.png,1056,990,64,64
minecraft_host_armor_trim_smithing_template.png,1122,990,64,64
minecraft_howl_pottery_sherd.png,1188,990,64,64
minecraft_husk_spawn_egg.png,1254,990,64,64
minecraft_ice.png,1320,990,64,64
minecraft_infested_chiseled_stone_bricks.png,1386,990,64,64
minecraft_infested_cobblestone.png,1452,990,64,64
minecraft_infested_cracked_stone_bricks.png,1518,990,64,64
minecraft_infested_deepslate.png,1584,990,64,64
minecraft_infested_mossy_stone_bricks.png,1650,990,64,64
minecraft_infested_stone.png,1716,990,64,64
minecraft_infested_stone_bricks.png,1782,990,64,64
minecraft_ink_sac.png,1848,990,64,64
minecraft_iron_axe.png,1914,990,64,64
minecraft_iron_bars.png,1980,990,64,64
minecraft_iron_block.png,2046,990,64,64
minecraft_iron_boots.png,2112,990,64,64
minecraft_iron_chestplate.png,2178,990,64,64
minecraft_iron_door.png,2244,990,64,64
minecraft_iron_golem_spawn_egg.png,2310,990,64,64
minecraft_iron_helmet.png,2376,990,64,64
minecraft_iron_hoe.png,2442,990,64,64
minecraft_iron_horse_armor.png,0,1056,64,64
minecraft_iron_ingot.png,66,1056,64,64
minecraft_iron_leggings.png,132,1056,64,64
minecraft_iron_nugget.png,198,1056,64,64
minecraft_iron_ore.png,264,1056,64,64
minecraft_iron_pickaxe.png,330,1056,64,64
minecraft_iron_shovel.png,396,1056,64,64
minecraft_iron_sword.png,462,1056,64,64
minecraft_iron_trapdoor.png,528,1056,64,64
minecraft_item_frame.png,594,1056,64,64
minecraft_jack_o_lantern.png,660,1056,64,64
minecraft_jigsaw.png,726,1056,64,64
minecraft_jukebox.png,792,1056,64,64
minecraft_jungle_boat.png,858,1056,64,64
minecraft_jungle_button.png,924,1056,64,64
minecraft_jungle_chest_boat.png,990,1056,64,64
minecraft_jungle_door.png,1056,1056,64,64
minecraft_jungle_fence.png,1122,1056,64,64
minecraft_jungle_fence_gate.png,1188,1056,64,64
minecraft_jungle_hanging_sign.png,1254,1056,64,64
minecraft_jungle_leaves.png,1320,1056,64,64
minecraft_jungle_log.png,1386,1056,64,64
minecraft_jungle_planks.png,1452,1056,64,64
minecraft_jungle_pressure_plate.png,1518,1056,64,64
minecraft_jungle_sapling.png,1584,1056,64,64
minecraft_jungle_sign.png,1650,1056,64,64
minecraft_jungle_slab.png,1716,1056,64,64
minecraft_jungle_stairs.png,1782,1056,64,64
minecraft_jungle_trapdoor.png,1848,1056,64,64
minecraft_jungle_wood.png,1914,1056,64,64
minecraft_kelp.png,1980,1056,64,64
minecraft_knowledge_book.png,2046,1056,64,64
minecraft_ladder.png,2112,1056,64,64
minecraft_lantern.png,2178,1056,64,64
minecraft_lapis_block.png,2244,1056,64,64
minecraft_lapis_lazuli.png,2310,1056,64,64
minecraft_lapis_ore.png,2376,1056,64,64
minecraft_large_amethyst_bud.png,2442,1056,64,64
minecraft_large_fern.png,0,1122,64,64
minecraft_lava_bucket.png,66,1122,64,64
minecraft_lead.png,132,1122,64,64
minecraft_leaf_litter.png,198,1122,64,64
minecraft_leather.png,264,1122,64,64
minecraft_leather_boots.png,330,1122,64,64
minecraft_leather_chestplate.png,396,1122,64,64
minecraft_leather_helmet.png,462,1122,64,64
minecraft_leather_horse_armor.png,528,1122,64,64
minecraft_leather_leggings.png,594,1122,64,64
minecraft_lectern.png,660,1122,64,64
minecraft_lever.png,726,1122,64,64
minecraft_light.png,792,1122,64,64
minecraft_light_blue_banner.png,858,1122,64,64
minecraft_light_blue_bed.png,924,1122,64,64
minecraft_light_blue_bundle.png,990,1122,64,64
minecraft_light_blue_candle.png,1056,1122,64,64
minecraft_light_blue_carpet.png,1122,1122,64,64
minecraft_light_blue_concrete.png,1188,1122,64,64
minecraft_light_blue_concrete_powder.png,1254,1122,64,64
minecraft_light_blue_dye.png,1320,1122,64,64
minecraft_light_blue_glazed_terracotta.png,1386,1122,64,64
minecraft_light_blue_shulker_box.png,1452,1122,64,64
minecraft_light_blue_stained_glass.png,1518,1122,64,64
minecraft_light_blue_stained_glass_pane.png,1584,1122,64,64
minecraft_light_blue_terracotta.png,1650,1122,64,64
minecraft_light_blue_wool.png,1716,1122,64,64
minecraft_light_gray_banner.png,1782,1122,64,64
minecraft_light_gray_bed.png,1848,1122,64,64
minecraft_light_gray_bundle.png,1914,1122,64,64
minecraft_light_gray_candle.png,1980,1122,64,64
minecraft_light_gray_carpet.png,2046,1122,64,64
minecraft_light_gray_concrete.png,2112,1122,64,64
minecraft_light_gray_concrete_powder.png,2178,1122,64,64
minecraft_light_gray_dye.png,2244,1122,64,64
minecraft_light_gray_glazed_terracotta.png,2310,1122,64,64
minecraft_light_gray_shulker_box.png,2376,1122,64,64
minecraft_light_gray_stained_glass.png,2442,1122,64,64
minecraft_light_gray_stained_glass_pane.png,0,1188,64,64
minecraft_light_gray_terracotta.png,66,1188,64,64
minecraft_light_gray_wool.png,132,1188,64,64
minecraft_light_weighted_pressure_plate.png,198,1188,64,64
minecraft_lightning_rod.png,264,1188,64,64
minecraft_lilac.png,330,1188,64,64
minecraft_lily_of_the_valley.png,396,1188,64,64
minecraft_lily_pad.png,462,1188,64,64
minecraft_lime_banner.png,528,1188,64,64
minecraft_lime_bed.png,594,1188,64,64
minecraft_lime_bundle.png,660,1188,64,64
minecraft_lime_candle.png,726,1188,64,64
minecraft_lime_carpet.png,792,1188,64,64
minecraft_lime_concrete.png,858,1188,64,64
minecraft_lime_concrete_powder.png,924,1188,64,64
minecraft_lime_dye.png,990,1188,64,64
minecraft_lime_glazed_terracotta.png,1056,1188,64,64
minecraft_lime_shulker_box.png,1122,1188,64,64
minecraft_lime_stained_glass.png,1188,1188,64,64
minecraft_lime_stained_glass_pane.png,1254,1188,64,64
minecraft_lime_terracotta.png,1320,1188,64,64
minecraft_lime_wool.png,1386,1188,64,64
minecraft_lingering_potion.png,1452,1188,64,64
minecraft_llama_spawn_egg.png,1518,1188,64,64
minecraft_lodestone.png,1584,1188,64,64
minecraft_loom.png,1650,1188,64,64
minecraft_mace.png,1716,1188,64,64
minecraft_magenta_banner.png,1782,1188,64,64
minecraft_magenta_bed.png,1848,1188,64,64
minecraft_magenta_bundle.png,1914,1188,64,64
minecraft_magenta_candle.png,1980,1188,64,64
minecraft_magenta_carpet.png,2046,1188,64,64
minecraft_magenta_concrete.png,2112,1188,64,64
minecraft_magenta_concrete_powder.png,2178,1188,64,64
minecraft_magenta_dye.png,2244,1188,64,64
minecraft_magenta_glazed_terracotta.png,2310,1188,64,64
minecraft_magenta_shulker_box.png,2376,1188,64,64
minecraft_magenta_stained_glass.png,2442,1188,64,64
minecraft_magenta_stained_glass_pane.png,0,1254,64,64
minecraft_magenta_terracotta.png,66,1254,64,64
minecraft_magenta_wool.png,132,1254,64,64
minecraft_magma_block.png,198,1254,64,64
minecraft_magma_cream.png,264,1254,64,64
minecraft_magma_cube_spawn_egg.png,330,1254,64,64
minecraft_mangrove_boat.png,396,1254,64,64
minecraft_mangrove_button.png,462,1254,64,64
minecraft_mangrove_chest_boat.png,528,1254,64,64
minecraft_mangrove_door.png,594,1254,64,64
minecraft_mangrove_fence.png,660,1254,64,64
minecraft_mangrove_fence_gate.png,726,1254,64,64
minecraft_mangrove_hanging_sign.png,792,1254,64,64
minecraft_mangrove_leaves.png,858,1254,64,64
minecraft_mangrove_log.png,924,1254,64,64
minecraft_mangrove_planks.png,990,1254,64,64
minecraft_mangrove_pressure_plate.png,1056,1254,64,64
minecraft_mangrove_propagule.png,1122,1254,64,64
minecraft_mangrove_roots.png,1188,1254,64,64
minecraft_mangrove_sign.png,1254,1254,64,64
minecraft_mangrove_slab.png,1320,1254,64,64
minecraft_mangrove_stairs.png,1386,1254,64,64
minecraft_mangrove_trapdoor.png,1452,1254,64,64
minecraft_mangrove_wood.png,1518,1254,64,64
minecraft_map.png,1584,1254,64,64
minecraft_medium_amethyst_bud.png,1650,1254,64,64
minecraft_melon.png,1716,1254,64,64
minecraft_melon_seeds.png,1782,1254,64,64
minecraft_melon_slice.png,1848,1254,64,64
minecraft_milk_bucket.png,1914,1254,64,64
minecraft_minecart.png,1980,1254,64,64
minecraft_miner_pottery_sherd.png,2046,1254,64,64
minecraft_mojang_banner_pattern.png,2112,1254,64,64
minecraft_mooshroom_spawn_egg.png,2178,1254,64,64
minecraft_moss_block.png,2244,1254,64,64
minecraft_moss_carpet.png,2310,1254,64,64
minecraft_mossy_cobblestone.png,2376,1254,64,64
minecraft_mossy_cobblestone_slab.png,2442,1254,64,64
minecraft_mossy_cobblestone_stairs.png,0,1320,64,64
minecraft_mossy_cobblestone_wall.png,66,1320,64,64
minecraft_mossy_stone_brick_slab.png,132,1320,64,64
minecraft_mossy_stone_brick_stairs.png,198,1320,64,64
minecraft_mossy_stone_brick_wall.png,264,1320,64,64
minecraft_mossy_stone_bricks.png,330,1320,64,64
minecraft_mourner_pottery_sherd.png,396,1320,64,64
minecraft_mud.png,462,1320,64,64
minecraft_mud_brick_slab.png,528,1320,64,64
minecraft_mud_brick_stairs.png,594,1320,64,64
minecraft_mud_brick_wall.png,660,1320,64,64
minecraft_mud_bricks.png,726,1320,64,64
minecraft_muddy_mangrove_roots.png,792,1320,64,64
minecraft_mule_spawn_egg.png,858,1320,64,64
minecraft_mushroom_stem.png,924,1320,64,64
minecraft_mushroom_stew.png,990,1320,64,64
minecraft_music_disc_11.png,1056,1320,64,64
minecraft_music_disc_13.png,1122,1320,64,64
minecraft_music_disc_5.png,1188,1320,64,64
minecraft_music_disc_blocks.png,1254,1320,64,64
minecraft_music_disc_cat.png,1320,1320,64,64
minecraft_music_disc_chirp.png,1386,1320,64,64
minecraft_music_disc_creator.png,1452,1320,64,64
minecraft_music_disc_creator_music_box.png,1518,1320,64,64
minecraft_music_disc_far.png,1584,1320,64,64
minecraft_music_disc_mall.png,1650,1320,64,64
minecraft_music_disc_mellohi.png,1716,1320,64,64
minecraft_music_disc_otherside.png,1782,1320,64,64
minecraft_music_disc_pigstep.png,1848,1320,64,64
minecraft_music_disc_precipice.png,1914,1320,64,64
minecraft_music_disc_relic.png,1980,1320,64,64
minecraft_music_disc_stal.png,2046,1320,64,64
minecraft_music_disc_strad.png,2112,1320,64,64
minecraft_music_disc_wait.png,2178,1320,64,64
minecraft_music_disc_ward.png,2244,1320,64,64
minecraft_mutton.png,2310,1320,64,64
minecraft_mycelium.png,2376,1320,64,64
minecraft_name_tag.png,2442,1320,64,64
minecraft_nautilus_shell.png,0,1386,64,64
minecraft_nether_brick.png,66,1386,64,64
minecraft_nether_brick_fence.png,132,1386,64,64
minecraft_nether_brick_slab.png,198,1386,64,64
minecraft_nether_brick_stairs.png,264,1386,64,64
minecraft_nether_brick_wall.png,330,1386,64,64
minecraft_nether_bricks.png,396,1386,64,64
minecraft_nether_gold_ore.png,462,1386,64,64
minecraft_nether_quartz_ore.png,528,1386,64,64
minecraft_nether_sprouts.png,594,1386,64,64
minecraft_nether_star.png,660,1386,64,64
minecraft_nether_wart.png,726,1386,64,64
minecraft_nether_wart_block.png,792,1386,64,64
minecraft_netherite_axe.png,858,1386,64,64
minecraft_netherite_block.png,924,1386,64,64
minecraft_netherite_boots.png,990,1386,64,64
minecraft_netherite_chestplate.png,1056,1386,64,64
minecraft_netherite_helmet.png,1122,1386,64,64
minecraft_netherite_hoe.png,1188,1386,64,64
minecraft_netherite_ingot.png,1254,1386,64,64
minecraft_netherite_leggings.png,1320,1386,64,64
minecraft_netherite_pickaxe.png,1386,1386,64,64
minecraft_netherite_scrap.png,1452,1386,64,64
minecraft_netherite_shovel.png,1518,1386,64,64
minecraft_netherite_sword.png,1584,1386,64,64
minecraft_netherite_upgrade_smithing_template.png,1650,1386,64,64
minecraft_netherrack.png,1716,1386,64,64
minecraft_note_block.png,1782,1386,64,64
minecraft_oak_boat.png,1848,1386,64,64
minecraft_oak_button.png,1914,1386,64,64
minecraft_oak_chest_boat.png,1980,1386,64,64
minecraft_oak_door.png,2046,1386,64,64
minecraft_oak_fence.png,2112,1386,64,64
minecraft_oak_fence_gate.png,2178,1386,64,64
minecraft_oak_hanging_sign.png,2244,1386,64,64
minecraft_oak_leaves.png,2310,1386,64,64
minecraft_oak_log.png,2376,1386,64,64
minecraft_oak_planks.png,2442,1386,64,64
minecraft_oak_pressure_plate.png,0,1452,64,64
minecraft_oak_sapling.png,66,1452,64,64
minecraft_oak_sign.png,132,1452,64,64
minecraft_oak_slab.png,198,1452,64,64
minecraft_oak_stairs.png,264,1452,64,64
minecraft_oak_trapdoor.png,330,1452,64,64
minecraft_oak_wood.png,396,1452,64,64
minecraft_observer.png,462,1452,64,64
minecraft_obsidian.png,528,1452,64,64
minecraft_ocelot_spawn_egg.png,594,1452,64,64
minecraft_ochre_froglight.png,660,1452,64,64
minecraft_ominous_bottle.png,726,1452,64,64
minecraft_ominous_trial_key.png,792,1452,64,64
minecraft_open_eyeblossom.png,858,1452,64,64
minecraft_orange_banner.png,924,1452,64,64
minecraft_orange_bed.png,990,1452,64,64
minecraft_orange_bundle.png,1056,1452,64,64
minecraft_orange_candle.png,1122,1452,64,64
minecraft_orange_carpet.png,1188,1452,64,64
minecraft_orange_concrete.png,1254,1452,64,64
minecraft_orange_concrete_powder.png,1320,1452,64,64
minecraft_orange_dye.png,1386,1452,64,64
minecraft_orange_glazed_terracotta.png,1452,1452,64,64
minecraft_orange_shulker_box.png,1518,1452,64,64
minecraft_orange_stained_glass.png,1584,1452,64,64
minecraft_orange_stained_glass_pane.png,1650,1452,64,64
minecraft_orange_terracotta.png,1716,1452,64,64
minecraft_orange_tulip.png,1782,1452,64,64
minecraft_orange_wool.png,1848,1452,64,64
minecraft_oxeye_daisy.png,1914,1452,64,64
minecraft_oxidized_chiseled_copper.png,1980,1452,64,64
minecraft_oxidized_copper.png,2046,1452,64,64
minecraft_oxidized_copper_bulb.png,2112,1452,64,64
minecraft_oxidized_copper_door.png,2178,1452,64,64
minecraft_oxidized_copper_grate.png,2244,1452,64,64
minecraft_oxidized_copper_trapdoor.png,2310,1452,64,64
minecraft_oxidized_cut_copper.png,2376,1452,64,64
minecraft_oxidized_cut_copper_slab.png,2442,1452,64,64
minecraft_oxidized_cut_copper_stairs.png,0,1518,64,64
minecraft_packed_ice.png,66,1518,64,64
minecraft_packed_mud.png,132,1518,64,64
minecraft_painting.png,198,1518,64,64
minecraft_pale_hanging_moss.png,264,1518,64,64
minecraft_pale_moss_block.png,330,1518,64,64
minecraft_pale_moss_carpet.png,396,1518,64,64
minecraft_pale_oak_boat.png,462,1518,64,64
minecraft_pale_oak_button.png,528,1518,64,64
minecraft_pale_oak_chest_boat.png,594,1518,64,64
minecraft_pale_oak_door.png,660,1518,64,64
minecraft_pale_oak_fence.png,726,1518,64,64
minecraft_pale_oak_fence_gate.png,792,1518,64,64
minecraft_pale_oak_hanging_sign.png,858,1518,64,64
minecraft_pale_oak_leaves.png,924,1518,64,64
minecraft_pale_oak_log.png,990,1518,64,64
minecraft_pale_oak_planks.png,1056,1518,64,64
minecraft_pale_oak_pressure_plate.png,1122,1518,64,64
minecraft_pale_oak_sapling.png,1188,1518,64,64
minecraft_pale_oak_sign.png,1254,1518,64,64
minecraft_pale_oak_slab.png,1320,1518,64,64
minecraft_pale_oak_stairs.png,1386,1518,64,64
minecraft_pale_oak_trapdoor.png,1452,1518,64,64
minecraft_pale_oak_wood.png,1518,1518,64,64
minecraft_panda_spawn_egg.png,1584,1518,64,64
minecraft_paper.png,1650,1518,64,64
minecraft_parrot_spawn_egg.png,1716,1518,64,64
minecraft_pearlescent_froglight.png,1782,1518,64,64
minecraft_peony.png,1848,1518,64,64
minecraft_petrified_oak_slab.png,1914,1518,64,64
minecraft_phantom_membrane.png,1980,1518,64,64
minecraft_phantom_spawn_egg.png,2046,1518,64,64
minecraft_pig_spawn_egg.png,2112,1518,64,64
minecraft_piglin_banner_pattern.png,2178,1518,64,64
minecraft_piglin_brute_spawn_egg.png,2244,1518,64,64
minecraft_piglin_head.png,2310,1518,64,64
minecraft_piglin_spawn_egg.png,2376,1518,64,64
minecraft_pillager_spawn_egg.png,2442,1518,64,64
minecraft_pink_banner.png,0,1584,64,64
minecraft_pink_bed.png,66,1584,64,64
minecraft_pink_bundle.png,132,1584,64,64
minecraft_pink_candle.png,198,1584,64,64
minecraft_pink_carpet.png,264,1584,64,64
minecraft_pink_concrete.png,330,1584,64,64
minecraft_pink_concrete_powder.png,396,1584,64,64
minecraft_pink_dye.png,462,1584,64,64
minecraft_pink_glazed_terracotta.png,528,1584,64,64
minecraft_pink_petals.png,594,1584,64,64
minecraft_pink_shulker_box.png,660,1584,64,64
minecraft_pink_stained_glass.png,726,1584,64,64
minecraft_pink_stained_glass_pane.png,792,1584,64,64
minecraft_pink_terracotta.png,858,1584,64,64
minecraft_pink_tulip.png,924,1584,64,64
minecraft_pink_wool.png,990,1584,64,64
minecraft_piston.png,1056,1584,64,64
minecraft_pitcher_plant.png,1122,1584,64,64
minecraft_pitcher_pod.png,1188,1584,64,64
minecraft_player_head.png,1254,1584,64,64
minecraft_plenty_pottery_sherd.png,1320,1584,64,64
minecraft_podzol.png,1386,1584,64,64
minecraft_pointed_dripstone.png,1452,1584,64,64
minecraft_poisonous_potato.png,1518,1584,64,64
minecraft_polar_bear_spawn_egg.png,1584,1584,64,64
minecraft_polished_andesite.png,1650,1584,64,64
minecraft_polished_andesite_slab.png,1716,1584,64,64
minecraft_polished_andesite_stairs.png,1782,1584,64,64
minecraft_polished_basalt.png,1848,1584,64,64
minecraft_polished_blackstone.png,1914,1584,64,64
minecraft_polished_blackstone_brick_slab.png,1980,1584,64,64
minecraft_polished_blackstone_brick_stairs.png,2046,1584,64,64
minecraft_polished_blackstone_brick_wall.png,2112,1584,64,64
minecraft_polished_blackstone_bricks.png,2178,1584,64,64
minecraft_polished_blackstone_button.png,2244,1584,64,64
minecraft_polished_blackstone_pressure_plate.png,2310,1584,64,64
minecraft_polished_blackstone_slab.png,2376,1584,64,64
minecraft_polished_blackstone_stairs.png,2442,1584,64,64
minecraft_polished_blackstone_wall.png,0,1650,64,64
minecraft_polished_deepslate.png,66,1650,64,64
minecraft_polished_deepslate_slab.png,132,1650,64,64
minecraft_polished_deepslate_stairs.png,198,1650,64,64
minecraft_polished_deepslate_wall.png,264,1650,64,64
minecraft_polished_diorite.png,330,1650,64,64
minecraft_polished_diorite_slab.png,396,1650,64,64
minecraft_polished_diorite_stairs.png,462,1650,64,64
minecraft_polished_granite.png,528,1650,64,64
minecraft_polished_granite_slab.png,594,1650,64,64
minecraft_polished_granite_stairs.png,660,1650,64,64
minecraft_polished_tuff.png,726,1650,64,64
minecraft_polished_tuff_slab.png,792,1650,64,64
minecraft_polished_tuff_stairs.png,858,1650,64,64
minecraft_polished_tuff_wall.png,924,1650,64,64
minecraft_popped_chorus_fruit.png,990,1650,64,64
minecraft_poppy.png,1056,1650,64,64
minecraft_porkchop.png,1122,1650,64,64
minecraft_potato.png,1188,1650,64,64
minecraft_potion.png,1254,1650,64,64
minecraft_powder_snow_bucket.png,1320,1650,64,64
minecraft_powered_rail.png,1386,1650,64,64
minecraft_prismarine.png,1452,1650,64,64
minecraft_prismarine_brick_slab.png,1518,1650,64,64
minecraft_prismarine_brick_stairs.png,1584,1650,64,64
minecraft_prismarine_bricks.png,1650,1650,64,64
minecraft_prismarine_crystals.png,1716,1650,64,64
minecraft_prismarine_shard.png,1782,1650,64,64
minecraft_prismarine_slab.png,1848,1650,64,64
minecraft_prismarine_stairs.png,1914,1650,64,64
minecraft_prismarine_wall.png,1980,1650,64,64
minecraft_prize_pottery_sherd.png,2046,1650,64,64
minecraft_pufferfish.png,2112,1650,64,64
minecraft_pufferfish_bucket.png,2178,1650,64,64
minecraft_pufferfish_spawn_egg.png,2244,1650,64,64
minecraft_pumpkin.png,2310,1650,64,64
minecraft_pumpkin_pie.png,2376,1650,64,64
minecraft_pumpkin_seeds.png,2442,1650,64,64
minecraft_purple_banner.png,0,1716,64,64
minecraft_purple_bed.png,66,1716,64,64
minecraft_purple_bundle.png,132,1716,64,64
minecraft_purple_candle.png,198,1716,64,64
minecraft_purple_carpet.png,264,1716,64,64
minecraft_purple_concrete.png,330,1716,64,64
minecraft_purple_concrete_powder.png,396,1716,64,64
minecraft_purple_dye.png,462,1716,64,64
minecraft_purple_glazed_terracotta.png,528,1716,64,64
minecraft_purple_shulker_box.png,594,1716,64,64
minecraft_purple_stained_glass.png,660,1716,64,64
minecraft_purple_stained_glass_pane.png,726,1716,64,64
minecraft_purple_terracotta.png,792,1716,64,64
minecraft_purple_wool.png,858,1716,64,64
minecraft_purpur_block.png,924,1716,64,64
minecraft_purpur_pillar.png,990,1716,64,64
minecraft_purpur_slab.png,1056,1716,64,64
minecraft_purpur_stairs.png,1122,1716,64,64
minecraft_quartz.png,1188,1716,64,64
minecraft_quartz_block.png,1254,1716,64,64
minecraft_quartz_bricks.png,1320,1716,64,64
minecraft_quartz_pillar.png,1386,1716,64,64
minecraft_quartz_slab.png,1452,1716,64,64
minecraft_quartz_stairs.png,1518,1716,64,64
minecraft_rabbit.png,1584,1716,64,64
minecraft_rabbit_foot.png,1650,1716,64,64
minecraft_rabbit_hide.png,1716,1716,64,64
minecraft_rabbit_spawn_egg.png,1782,1716,64,64
minecraft_rabbit_stew.png,1848,1716,64,64
minecraft_rail.png,1914,1716,64,64
minecraft_raiser_armor_trim_smithing_template.png,1980,1716,64,64
minecraft_ravager_spawn_egg.png,2046,1716,64,64
minecraft_raw_copper.png,2112,1716,64,64
minecraft_raw_copper_block.png,2178,1716,64,64
minecraft_raw_gold.png,2244,1716,64,64
minecraft_raw_gold_block.png,2310,1716,64,64
minecraft_raw_iron.png,2376,1716,64,64
minecraft_raw_iron_block.png,2442,1716,64,64
minecraft_recovery_compass.png,0,1782,64,64
minecraft_red_banner.png,66,1782,64,64
minecraft_red_bed.png,132,1782,64,64
minecraft_red_bundle.png,198,1782,64,64
minecraft_red_candle.png,264,1782,64,64
minecraft_red_carpet.png,330,1782,64,64
minecraft_red_concrete.png,396,1782,64,64
minecraft_red_concrete_powder.png,462,1782,64,64
minecraft_red_dye.png,528,1782,64,64
minecraft_red_glazed_terracotta.png,594,1782,64,64
minecraft_red_mushroom.png,660,1782,64,64
minecraft_red_mushroom_block.png,726,1782,64,64
minecraft_red_nether_brick_slab.png,792,1782,64,64
minecraft_red_nether_brick_stairs.png,858,1782,64,64
minecraft_red_nether_brick_wall.png,924,1782,64,64
minecraft_red_nether_bricks.png,990,1782,64,64
minecraft_red_sand.png,1056,1782,64,64
minecraft_red_sandstone.png,1122,1782,64,64
minecraft_red_sandstone_slab.png,1188,1782,64,64
minecraft_red_sandstone_stairs.png,1254,1782,64,64
minecraft_red_sandstone_wall.png,1320,1782,64,64
minecraft_red_shulker_box.png,1386,1782,64,64
minecraft_red_stained_glass.png,1452,1782,64,64
minecraft_red_stained_glass_pane.png,1518,1782,64,64
minecraft_red_terracotta.png,1584,1782,64,64
minecraft_red_tulip.png,1650,1782,64,64
minecraft_red_wool.png,1716,1782,64,64
minecraft_redstone.png,1782,1782,64,64
minecraft_redstone_block.png,1848,1782,64,64
minecraft_redstone_lamp.png,1914,1782,64,64
minecraft_redstone_ore.png,1980,1782,64,64
minecraft_redstone_torch.png,2046,1782,64,64
minecraft_reinforced_deepslate.png,2112,1782,64,64
minecraft_repeater.png,2178,1782,64,64
minecraft_repeating_command_block.png,2244,1782,64,64
minecraft_resin_block.png,2310,1782,64,64
minecraft_resin_brick.png,2376,1782,64,64
minecraft_resin_brick_slab.png,2442,1782,64,64
minecraft_resin_brick_stairs.png,0,1848,64,64
minecraft_resin_brick_wall.png,66,1848,64,64
minecraft_resin_bricks.png,132,1848,64,64
minecraft_resin_clump.png,198,1848,64,64
minecraft_respawn_anchor.png,264,1848,64,64
minecraft_rib_armor_trim_smithing_template.png,330,1848,64,64
minecraft_rooted_dirt.png,396,1848,64,64
minecraft_rose_bush.png,462,1848,64,64
minecraft_rotten_flesh.png,528,1848,64,64
minecraft_saddle.png,594,1848,64,64
minecraft_salmon.png,660,1848,64,64
minecraft_salmon_bucket.png,726,1848,64,64
minecraft_salmon_spawn_egg.png,792,1848,64,64
minecraft_sand.png,858,1848,64,64
minecraft_sandstone.png,924,1848,64,64
minecraft_sandstone_slab.png,990,1848,64,64
minecraft_sandstone_stairs.png,1056,1848,64,64
minecraft_sandstone_wall.png,1122,1848,64,64
minecraft_scaffolding.png,1188,1848,64,64
minecraft_scrape_pottery_sherd.png,1254,1848,64,64
minecraft_sculk.png,1320,1848,64,64
minecraft_sculk_catalyst.png,1386,1848,64,64
minecraft_sculk_sensor.png,1452,1848,64,64
minecraft_sculk_shrieker.png,1518,1848,64,64
minecraft_sculk_vein.png,1584,1848,64,64
minecraft_sea_lantern.png,1650,1848,64,64
minecraft_sea_pickle.png,1716,1848,64,64
minecraft_seagrass.png,1782,1848,64,64
minecraft_sentry_armor_trim_smithing_template.png,1848,1848,64,64
minecraft_shaper_armor_trim_smithing_template.png,1914,1848,64,64
minecraft_sheaf_pottery_sherd.png,1980,1848,64,64
minecraft_shears.png,2046,1848,64,64
minecraft_sheep_spawn_egg.png,2112,1848,64,64
minecraft_shelter_pottery_sherd.png,2178,1848,64,64
minecraft_shield.png,2244,1848,64,64
minecraft_short_dry_grass.png,2310,1848,64,64
minecraft_short_grass.png,2376,1848,64,64
minecraft_shroomlight.png,2442,1848,64,64
minecraft_shulker_box.png,0,1914,64,64
minecraft_shulker_shell.png,66,1914,64,64
minecraft_shulker_spawn_egg.png,132,1914,64,64
minecraft_silence_armor_trim_smithing_template.png,198,1914,64,64
minecraft_silverfish_spawn_egg.png,264,1914,64,64
minecraft_skeleton_horse_spawn_egg.png,330,1914,64,64
minecraft_skeleton_skull.png,396,1914,64,64
minecraft_skeleton_spawn_egg.png,462,1914,64,64
minecraft_skull_banner_pattern.png,528,1914,64,64
minecraft_skull_pottery_sherd.png,594,1914,64,64
minecraft_slime_ball.png,660,1914,64,64
minecraft_slime_block.png,726,1914,64,64
minecraft_slime_spawn_egg.png,792,1914,64,64
minecraft_small_amethyst_bud.png,858,1914,64,64
minecraft_small_dripleaf.png,924,1914,64,64
minecraft_smithing_table.png,990,1914,64,64
minecraft_smoker.png,1056,1914,64,64
minecraft_smooth_basalt.png,1122,1914,64,64
minecraft_smooth_quartz.png,1188,1914,64,64
minecraft_smooth_quartz_slab.png,1254,1914,64,64
minecraft_smooth_quartz_stairs.png,1320,1914,64,64
minecraft_smooth_red_sandstone.png,1386,1914,64,64
minecraft_smooth_red_sandstone_slab.png,1452,1914,64,64
minecraft_smooth_red_sandstone_stairs.png,1518,1914,64,64
minecraft_smooth_sandstone.png,1584,1914,64,64
minecraft_smooth_sandstone_slab.png,1650,1914,64,64
minecraft_smooth_sandstone_stairs.png,1716,1914,64,64
minecraft_smooth_stone.png,1782,1914,64,64
minecraft_smooth_stone_slab.png,1848,1914,64,64
minecraft_sniffer_egg.png,1914,1914,64,64
minecraft_sniffer_spawn_egg.png,1980,1914,64,64
minecraft_snort_pottery_sherd.png,2046,1914,64,64
minecraft_snout_armor_trim_smithing_template.png,2112,1914,64,64
minecraft_snow.png,2178,1914,64,64
minecraft_snow_block.png,2244,1914,64,64
minecraft_snow_golem_spawn_egg.png,2310,1914,64,64
minecraft_snowball.png,2376,1914,64,64
minecraft_soul_campfire.png,2442,1914,64,64
minecraft_soul_lantern.png,0,1980,64,64
minecraft_soul_sand.png,66,1980,64,64
minecraft_soul_soil.png,132,1980,64,64
minecraft_soul_torch.png,198,1980,64,64
minecraft_spawner.png,264,1980,64,64
minecraft_spectral_arrow.png,330,1980,64,64
minecraft_spider_eye.png,396,1980,64,64
minecraft_spider_spawn_egg.png,462,1980,64,64
minecraft_spire_armor_trim_smithing_template.png,528,1980,64,64
minecraft_splash_potion.png,594,1980,64,64
minecraft_sponge.png,660,1980,64,64
minecraft_spore_blossom.png,726,1980,64,64
minecraft_spruce_boat.png,792,1980,64,64
minecraft_spruce_button.png,858,1980,64,64
minecraft_spruce_chest_boat.png,924,1980,64,64
minecraft_spruce_door.png,990,1980,64,64
minecraft_spruce_fence.png,1056,1980,64,64
minecraft_spruce_fence_gate.png,1122,1980,64,64
minecraft_spruce_hanging_sign.png,1188,1980,64,64
minecraft_spruce_leaves.png,1254,1980,64,64
minecraft_spruce_log.png,1320,1980,64,64
minecraft_spruce_planks.png,1386,1980,64,64
minecraft_spruce_pressure_plate.png,1452,1980,64,64
minecraft_spruce_sapling.png,1518,1980,64,64
minecraft_spruce_sign.png,1584,1980,64,64
minecraft_spruce_slab.png,1650,1980,64,64
minecraft_spruce_stairs.png,1716,1980,64,64
minecraft_spruce_trapdoor.png,1782,1980,64,64
minecraft_spruce_wood.png,1848,1980,64,64
minecraft_spyglass.png,1914,1980,64,64
minecraft_squid_spawn_egg.png,1980,1980,64,64
minecraft_stick.png,2046,1980,64,64
minecraft_sticky_piston.png,2112,1980,64,64
minecraft_stone.png,2178,1980,64,64
minecraft_stone_axe.png,2244,1980,64,64
minecraft_stone_brick_slab.png,2310,1980,64,64
minecraft_stone_brick_stairs.png,2376,1980,64,64
minecraft_stone_brick_wall.png,2442,1980,64,64
minecraft_stone_bricks.png,0,2046,64,64
minecraft_stone_button.png,66,2046,64,64
minecraft_stone_hoe.png,132,2046,64,64
minecraft_stone_pickaxe.png,198,2046,64,64
minecraft_stone_pressure_plate.png,264,2046,64,64
minecraft_stone_shovel.png,330,2046,64,64
minecraft_stone_slab.png,396,2046,64,64
minecraft_stone_stairs.png,462,2046,64,64
minecraft_stone_sword.png,528,2046,64,64
minecraft_stonecutter.png,594,2046,64,64
minecraft_stray_spawn_egg.png,660,2046,64,64
minecraft_strider_spawn_egg.png,726,2046,64,64
minecraft_string.png,792,2046,64,64
minecraft_stripped_acacia_log.png,858,2046,64,64
minecraft_stripped_acacia_wood.png,924,2046,64,64
minecraft_stripped_bamboo_block.png,990,2046,64,64
minecraft_stripped_birch_log.png,1056,2046,64,64
minecraft_stripped_birch_wood.png,1122,2046,64,64
minecraft_stripped_cherry_log.png,1188,2046,64,64
minecraft_stripped_cherry_wood.png,1254,2046,64,64
minecraft_stripped_crimson_hyphae.png,1320,2046,64,64
minecraft_stripped_crimson_stem.png,1386,2046,64,64
minecraft_stripped_dark_oak_log.png,1452,2046,64,64
minecraft_stripped_dark_oak_wood.png,1518,2046,64,64
minecraft_stripped_jungle_log.png,1584,2046,64,64
minecraft_stripped_jungle_wood.png,1650,2046,64,64
minecraft_stripped_mangrove_log.png,1716,2046,64,64
minecraft_stripped_mangrove_wood.png,1782,2046,64,64
minecraft_stripped_oak_log.png,1848,2046,64,64
minecraft_stripped_oak_wood.png,1914,2046,64,64
minecraft_stripped_pale_oak_log.png,1980,2046,64,64
minecraft_stripped_pale_oak_wood.png,2046,2046,64,64
minecraft_stripped_spruce_log.png,2112,2046,64,64
minecraft_stripped_spruce_wood.png,2178,2046,64,64
minecraft_stripped_warped_hyphae.png,2244,2046,64,64
minecraft_stripped_warped_stem.png,2310,2046,64,64
minecraft_structure_block.png,2376,2046,64,64
minecraft_structure_void.png,2442,2046,64,64
minecraft_sugar.png,0,2112,64,64
minecraft_sugar_cane.png,66,2112,64,64
minecraft_sunflower.png,132,2112,64,64
minecraft_suspicious_gravel.png,198,2112,64,64
minecraft_suspicious_sand.png,264,2112,64,64
minecraft_suspicious_stew.png,330,2112,64,64
minecraft_sweet_berries.png,396,2112,64,64
minecraft_tadpole_bucket.png,462,2112,64,64
minecraft_tadpole_spawn_egg.png,528,2112,64,64
minecraft_tall_dry_grass.png,594,2112,64,64
minecraft_tall_grass.png,660,2112,64,64
minecraft_target.png,726,2112,64,64
minecraft_terracotta.png,792,2112,64,64
minecraft_test_block.png,858,2112,64,64
minecraft_test_instance_block.png,924,2112,64,64
minecraft_tide_armor_trim_smithing_template.png,990,2112,64,64
minecraft_tinted_glass.png,1056,2112,64,64
minecraft_tipped_arrow.png,1122,2112,64,64
minecraft_tnt.png,1188,2112,64,64
minecraft_tnt_minecart.png,1254,2112,64,64
minecraft_torch.png,1320,2112,64,64
minecraft_torchflower.png,1386,2112,64,64
minecraft_torchflower_seeds.png,1452,2112,64,64
minecraft_totem_of_undying.png,1518,2112,64,64
minecraft_trader_llama_spawn_egg.png,1584,2112,64,64
minecraft_trapped_chest.png,1650,2112,64,64
minecraft_trial_key.png,1716,2112,64,64
minecraft_trial_spawner.png,1782,2112,64,64
minecraft_trident.png,1848,2112,64,64
minecraft_tripwire_hook.png,1914,2112,64,64
minecraft_tropical_fish.png,1980,2112,64,64
minecraft_tropical_fish_bucket.png,2046,2112,64,64
minecraft_tropical_fish_spawn_egg.png,2112,2112,64,64
minecraft_tube_coral.png,2178,2112,64,64
minecraft_tube_coral_block.png,2244,2112,64,64
minecraft_tube_coral_fan.png,2310,2112,64,64
minecraft_tuff.png,2376,2112,64,64
minecraft_tuff_brick_slab.png,2442,2112,64,64
minecraft_tuff_brick_stairs.png,0,2178,64,64
minecraft_tuff_brick_wall.png,66,2178,64,64
minecraft_tuff_bricks.png,132,2178,64,64
minecraft_tuff_slab.png,198,2178,64,64
minecraft_tuff_stairs.png,264,2178,64,64
minecraft_tuff_wall.png,330,2178,64,64
minecraft_turtle_egg.png,396,2178,64,64
minecraft_turtle_helmet.png,462,2178,64,64
minecraft_turtle_scute.png,528,2178,64,64
minecraft_turtle_spawn_egg.png,594,2178,64,64
minecraft_twisting_vines.png,660,2178,64,64
minecraft_vault.png,726,2178,64,64
minecraft_verdant_froglight.png,792,2178,64,64
minecraft_vex_armor_trim_smithing_template.png,858,2178,64,64
minecraft_vex_spawn_egg.png,924,2178,64,64
minecraft_villager_spawn_egg.png,990,2178,64,64
minecraft_vindicator_spawn_egg.png,1056,2178,64,64
minecraft_vine.png,1122,2178,64,64
minecraft_wandering_trader_spawn_egg.png,1188,2178,64,64
minecraft_ward_armor_trim_smithing_template.png,1254,2178,64,64
minecraft_warden_spawn_egg.png,1320,2178,64,64
minecraft_warped_button.png,1386,2178,64,64
minecraft_warped_door.png,1452,2178,64,64
minecraft_warped_fence.png,1518,2178,64,64
minecraft_warped_fence_gate.png,1584,2178,64,64
minecraft_warped_fungus.png,1650,2178,64,64
minecraft_warped_fungus_on_a_stick.png,1716,2178,64,64
minecraft_warped_hanging_sign.png,1782,2178,64,64
minecraft_warped_hyphae.png,1848,2178,64,64
minecraft_warped_nylium.png,1914,2178,64,64
minecraft_warped_planks.png,1980,2178,64,64
minecraft_warped_pressure_plate.png,2046,2178,64,64
minecraft_warped_roots.png,2112,2178,64,64
minecraft_warped_sign.png,2178,2178,64,64
minecraft_warped_slab.png,2244,2178,64,64
minecraft_warped_stairs.png,2310,2178,64,64
minecraft_warped_stem.png,2376,2178,64,64
minecraft_warped_trapdoor.png,2442,2178,64,64
minecraft_warped_wart_block.png,0,2244,64,64
minecraft_water_bucket.png,66,2244,64,64
minecraft_waxed_chiseled_copper.png,132,2244,64,64
minecraft_waxed_copper_block.png,198,2244,64,64
minecraft_waxed_copper_bulb.png,264,2244,64,64
minecraft_waxed_copper_door.png,330,2244,64,64
minecraft_waxed_copper_grate.png,396,2244,64,64
minecraft_waxed_copper_trapdoor.png,462,2244,64,64
minecraft_waxed_cut_copper.png,528,2244,64,64
minecraft_waxed_cut_copper_slab.png,594,2244,64,64
minecraft_waxed_cut_copper_stairs.png,660,2244,64,64
minecraft_waxed_exposed_chiseled_copper.png,726,2244,64,64
minecraft_waxed_exposed_copper.png,792,2244,64,64
minecraft_waxed_exposed_copper_bulb.png,858,2244,64,64
minecraft_waxed_exposed_copper_door.png,924,2244,64,64
minecraft_waxed_exposed_copper_grate.png,990,2244,64,64
minecraft_waxed_exposed_copper_trapdoor.png,1056,2244,64,64
minecraft_waxed_exposed_cut_copper.png,1122,2244,64,64
minecraft_waxed_exposed_cut_copper_slab.png,1188,2244,64,64
minecraft_waxed_exposed_cut_copper_stairs.png,1254,2244,64,64
minecraft_waxed_oxidized_chiseled_copper.png,1320,2244,64,64
minecraft_waxed_oxidized_copper.png,1386,2244,64,64
minecraft_waxed_oxidized_copper_bulb.png,1452,2244,64,64
minecraft_waxed_oxidized_copper_door.png,1518,2244,64,64
minecraft_waxed_oxidized_copper_grate.png,1584,2244,64,64
minecraft_waxed_oxidized_copper_trapdoor.png,1650,2244,64,64
minecraft_waxed_oxidized_cut_copper.png,1716,2244,64,64
minecraft_waxed_oxidized_cut_copper_slab.png,1782,2244,64,64
minecraft_waxed_oxidized_cut_copper_stairs.png,1848,2244,64,64
minecraft_waxed_weathered_chiseled_copper.png,1914,2244,64,64
minecraft_waxed_weathered_copper.png,1980,2244,64,64
minecraft_waxed_weathered_copper_bulb.png,2046,2244,64,64
minecraft_waxed_weathered_copper_door.png,2112,2244,64,64
minecraft_waxed_weathered_copper_grate.png,2178,2244,64,64
minecraft_waxed_weathered_copper_trapdoor.png,2244,2244,64,64
minecraft_waxed_weathered_cut_copper.png,2310,2244,64,64
minecraft_waxed_weathered_cut_copper_slab.png,2376,2244,64,64
minecraft_waxed_weathered_cut_copper_stairs.png,2442,2244,64,64
minecraft_wayfinder_armor_trim_smithing_template.png,0,2310,64,64
minecraft_weathered_chiseled_copper.png,66,2310,64,64
minecraft_weathered_copper.png,132,2310,64,64
minecraft_weathered_copper_bulb.png,198,2310,64,64
minecraft_weathered_copper_door.png,264,2310,64,64
minecraft_weathered_copper_grate.png,330,2310,64,64
minecraft_weathered_copper_trapdoor.png,396,2310,64,64
minecraft_weathered_cut_copper.png,462,2310,64,64
minecraft_weathered_cut_copper_slab.png,528,2310,64,64
minecraft_weathered_cut_copper_stairs.png,594,2310,64,64
minecraft_weeping_vines.png,660,2310,64,64
minecraft_wet_sponge.png,726,2310,64,64
minecraft_wheat.png,792,2310,64,64
minecraft_wheat_seeds.png,858,2310,64,64
minecraft_white_banner.png,924,2310,64,64
minecraft_white_bed.png,990,2310,64,64
minecraft_white_bundle.png,1056,2310,64,64
minecraft_white_candle.png,1122,2310,64,64
minecraft_white_carpet.png,1188,2310,64,64
minecraft_white_concrete.png,1254,2310,64,64
minecraft_white_concrete_powder.png,1320,2310,64,64
minecraft_white_dye.png,1386,2310,64,64
minecraft_white_glazed_terracotta.png,1452,2310,64,64
minecraft_white_shulker_box.png,1518,2310,64,64
minecraft_white_stained_glass.png,1584,2310,64,64
minecraft_white_stained_glass_pane.png,1650,2310,64,64
minecraft_white_terracotta.png,1716,2310,64,64
minecraft_white_tulip.png,1782,2310,64,64
minecraft_white_wool.png,1848,2310,64,64
minecraft_wild_armor_trim_smithing_template.png,1914,2310,64,64
minecraft_wildflowers.png,1980,2310,64,64
minecraft_wind_charge.png,2046,2310,64,64
minecraft_witch_spawn_egg.png,2112,2310,64,64
minecraft_wither_rose.png,2178,2310,64,64
minecraft_wither_skeleton_skull.png,2244,2310,64,64
minecraft_wither_skeleton_spawn_egg.png,2310,2310,64,64
minecraft_wither_spawn_egg.png,2376,2310,64,64
minecraft_wolf_armor.png,2442,2310,64,64
minecraft_wolf_spawn_egg.png,0,2376,64,64
minecraft_wooden_axe.png,66,2376,64,64
minecraft_wooden_hoe.png,132,2376,64,64
minecraft_wooden_pickaxe.png,198,2376,64,64
minecraft_wooden_shovel.png,264,2376,64,64
minecraft_wooden_sword.png,330,2376,64,64
minecraft_writable_book.png,396,2376,64,64
minecraft_written_book.png,462,2376,64,64
minecraft_yellow_banner.png,528,2376,64,64
minecraft_yellow_bed.png,594,2376,64,64
minecraft_yellow_bundle.png,660,2376,64,64
minecraft_yellow_candle.png,726,2376,64,64
minecraft_yellow_carpet.png,792,2376,64,64
minecraft_yellow_concrete.png,858,2376,64,64
minecraft_yellow_concrete_powder.png,924,2376,64,64
minecraft_yellow_dye.png,990,2376,64,64
minecraft_yellow_glazed_terracotta.png,1056,2376,64,64
minecraft_yellow_shulker_box.png,1122,2376,64,64
minecraft_yellow_stained_glass.png,1188,2376,64,64
minecraft_yellow_stained_glass_pane.png,1254,2376,64,64
minecraft_yellow_terracotta.png,1320,2376,64,64
minecraft_yellow_wool.png,1386,2376,64,64
minecraft_zoglin_spawn_egg.png,1452,2376,64,64
minecraft_zombie_head.png,1518,2376,64,64
minecraft_zombie_horse_spawn_egg.png,1584,2376,64,64
minecraft_zombie_spawn_egg.png,1650,2376,64,64
minecraft_zombie_villager_spawn_egg.png,1716,2376,64,64
minecraft_zombified_piglin_spawn_egg.png,1782,2376,64,64